epoch;loss;mae
0;0.019698891788721085;0.10984953492879868
1;0.005270066205412149;0.05814485251903534
2;0.0035670879296958447;0.043571725487709045
3;0.0023729708045721054;0.031711407005786896
4;0.003160992171615362;0.039787858724594116
5;0.002182453405112028;0.035502590239048004
6;0.001692091696895659;0.02752809226512909
7;0.004680692683905363;0.05023878440260887
8;0.0016915224259719253;0.030902912840247154
9;0.002193271182477474;0.03156175836920738
10;0.002370725851505995;0.03228679299354553
11;0.0030157947912812233;0.04339340701699257
12;0.0020198163110762835;0.032763440161943436
13;0.0040507386438548565;0.04793719947338104
14;0.0018417933024466038;0.03151296079158783
15;0.002483849646523595;0.032658759504556656
16;0.0030437265522778034;0.04136809706687927
17;0.002076831180602312;0.034289296716451645
18;0.0010842541232705116;0.026284487918019295
19;0.004028648138046265;0.044288270175457
20;0.002656865632161498;0.03777841851115227
21;0.002805344294756651;0.03835310414433479
22;0.0010499428026378155;0.025075195357203484
23;0.0019250487675890326;0.03237312659621239
24;0.0019400701858103275;0.03253547474741936
25;0.0032299747690558434;0.04132071137428284
26;0.00339317019097507;0.04388928785920143
27;0.001600087620317936;0.02944376692175865
28;0.003479593899101019;0.03985665366053581
29;0.003861716017127037;0.04760575294494629
30;0.0013183419359847903;0.025286534801125526
31;0.0032789940014481544;0.043275028467178345
32;0.0022513587027788162;0.03691869229078293
33;0.0013291937066242099;0.029402349144220352
34;0.0017060288228094578;0.03145328164100647
35;0.0023699267767369747;0.033756356686353683
36;0.00509965093806386;0.053091853857040405
37;0.0023897949140518904;0.03883162513375282
38;0.0011151261860504746;0.02594991959631443
39;0.001359515474177897;0.024562103673815727
40;0.0015075420960783958;0.030196662992239
41;0.001312645268626511;0.02660289593040943
42;0.0021536152344197035;0.034977979958057404
43;0.002391987945884466;0.0368473194539547
44;0.0013289188500493765;0.027607904747128487
45;0.0010478870244696736;0.02558126300573349
46;0.0010734220268204808;0.02739926613867283
47;0.0015181427588686347;0.030469035729765892
48;0.002853615442290902;0.03885958343744278
49;0.0031675437930971384;0.04263077676296234
50;0.0020077249500900507;0.03550165146589279
51;0.0018265822436660528;0.03134677931666374
52;0.001423270208761096;0.030255939811468124
53;0.0011708765523508191;0.027906004339456558
54;0.0017158589325845242;0.03313243016600609
55;0.0010872429702430964;0.02463667094707489
56;0.0017798529006540775;0.03261224180459976
57;0.0012999448226764798;0.02875729463994503
58;0.001995774218812585;0.033585190773010254
59;0.001914159394800663;0.031280532479286194
60;0.0015766238793730736;0.030224010348320007
61;0.001056519104167819;0.023026594892144203
62;0.0009467885829508305;0.02393847517669201
63;0.0011654212139546871;0.025924229994416237
64;0.0011443843832239509;0.02580747753381729
65;0.0014865027042105794;0.026123128831386566
66;0.0014820225769653916;0.027683904394507408
67;0.0020098071545362473;0.035728588700294495
68;0.0008652146789245307;0.02233663946390152
69;0.0011549495393410325;0.02791755460202694
70;0.002078315941616893;0.03362959250807762
71;0.0010787473293021321;0.02545328624546528
72;0.0010604214621707797;0.025606004521250725
73;0.0018869803752750158;0.031217824667692184
74;0.001518519944511354;0.029082810506224632
75;0.0009718300425447524;0.02288435958325863
76;0.0014432781608775258;0.029996264725923538
77;0.0013369758380576968;0.028889300301671028
78;0.0013571294257417321;0.026160523295402527
79;0.0013116438640281558;0.02774571254849434
80;0.0007528527639806271;0.021095385774970055
81;0.0013793498510494828;0.02749577909708023
82;0.0011156067484989762;0.026262199506163597
83;0.0010965443216264248;0.023439748212695122
84;0.0015732302563264966;0.02854553610086441
85;0.001297378446906805;0.027709228917956352
86;0.0008980747661553323;0.02264542318880558
87;0.0016576038906350732;0.031077256426215172
88;0.0011392678134143353;0.02661938965320587
89;0.001388606964610517;0.027143368497490883
90;0.0011557076359167695;0.026349088177084923
91;0.0021474938839673996;0.035737816244363785
92;0.0012589872349053621;0.027737462893128395
93;0.0015324332052841783;0.026627417653799057
94;0.0008263771887868643;0.02192089334130287
95;0.0012663191882893443;0.024252871051430702
96;0.0010696606477722526;0.023623313754796982
97;0.0013712096260860562;0.028181742876768112
98;0.0013842080952599645;0.028369856998324394
99;0.0009680799557827413;0.02458723448216915
100;0.0014163338346406817;0.028821108862757683
101;0.0013595058117061853;0.02644398994743824
102;0.0015410163905471563;0.025309260934591293
103;0.0008326498209498823;0.022069988772273064
104;0.001107491785660386;0.02443331852555275
105;0.0016440808540210128;0.030153032392263412
106;0.0007861435296945274;0.019812224432826042
107;0.0008468910818919539;0.02135854959487915
108;0.0011623824248090386;0.024462468922138214
109;0.0013441415503621101;0.027958394959568977
110;0.0020205380860716105;0.03245629742741585
111;0.0014752699062228203;0.027431011199951172
112;0.0017816340550780296;0.03032194823026657
113;0.0009455803665332496;0.024452921003103256
114;0.0006242713425308466;0.01973007619380951
115;0.0008304182556457818;0.021838674321770668
116;0.0010291526559740305;0.024372005835175514
117;0.0007828668458387256;0.021744176745414734
118;0.0012396154925227165;0.024431785568594933
119;0.0013089394196867943;0.02658218890428543
120;0.0035778875462710857;0.04269600287079811
121;0.0034789384808391333;0.040260784327983856
122;0.0013468073448166251;0.028174616396427155
123;0.0007231014315038919;0.021157320588827133
124;0.0013822718756273389;0.027426056563854218
125;0.000734822591766715;0.020046904683113098
126;0.0007577181095257401;0.022531215101480484
127;0.0010649991454556584;0.023985421285033226
128;0.0004559960507322103;0.016843298450112343
129;0.0010676649399101734;0.0228038989007473
130;0.000927629298530519;0.025442807003855705
131;0.0011257872683927417;0.027539147064089775
132;0.0008918587118387222;0.023376692086458206
133;0.000631648232229054;0.019735921174287796
134;0.00048354436876252294;0.01648602820932865
135;0.0006481047603301704;0.021189259365200996
136;0.000944949162658304;0.02199416607618332
137;0.0011676227441057563;0.025783851742744446
138;0.0012929918011650443;0.028976865112781525
139;0.0008799162460491061;0.02101157419383526
140;0.0007217180100269616;0.021010203287005424
141;0.0025532040745019913;0.032493457198143005
142;0.001729560550302267;0.034605737775564194
143;0.001722638844512403;0.031349457800388336
144;0.0009427588665857911;0.022060025483369827
145;0.003726657945662737;0.04194870963692665
146;0.001622078358195722;0.03039429895579815
147;0.0010051096323877573;0.024493549019098282
148;0.001778722507879138;0.030532976612448692
149;0.00048542270087637007;0.018408846110105515
150;0.0007782023167237639;0.021143853664398193
151;0.0005638809525407851;0.01888902299106121
152;0.0005772458971478045;0.01937488280236721
153;0.0012025409378111362;0.026353195309638977
154;0.0017623065505176783;0.03289494663476944
155;0.0011097592068836093;0.026088900864124298
156;0.0010136245982721448;0.02299400418996811
157;0.0006622973014600575;0.019970884546637535
158;0.0011811339063569903;0.024833325296640396
159;0.0006844691233709455;0.019687874242663383
160;0.0010519471252337098;0.022509871050715446
161;0.001684599439613521;0.02984032779932022
162;0.0016309316270053387;0.03145437687635422
163;0.0011220509186387062;0.02518831193447113
164;0.0010895205195993185;0.025375019758939743
165;0.0006909079384058714;0.020508818328380585
166;0.0008005892159417272;0.022507842630147934
167;0.0009698021458461881;0.02420993708074093
168;0.0012346184812486172;0.02526206709444523
169;0.0008240493480116129;0.02217043936252594
170;0.001035026041790843;0.025303540751338005
171;0.0008568211342208087;0.022849829867482185
172;0.0007438167813234031;0.022384092211723328
173;0.0008837420609779656;0.021975519135594368
174;0.0011876528151333332;0.023988496512174606
175;0.0007968098507262766;0.021340928971767426
176;0.0006733082700520754;0.02090047486126423
177;0.0007915336755104363;0.021197713911533356
178;0.0007480289204977453;0.019843697547912598
179;0.0008745911181904376;0.021796295419335365
180;0.0006806935998611152;0.020815614610910416
181;0.0007967791752889752;0.022140368819236755
182;0.0005395192420110106;0.019420072436332703
183;0.0008874328341335058;0.02258394844830036
184;0.0005012273322790861;0.018461504951119423
185;0.0006627042894251645;0.020505426451563835
186;0.0013556607300415635;0.027533086016774178
187;0.0011640108423307538;0.02488558180630207
188;0.0009610056295059621;0.024945851415395737
189;0.0008289762190543115;0.022848976776003838
190;0.0008214935078285635;0.022946428507566452
191;0.0006980150938034058;0.020554115995764732
192;0.001035242690704763;0.02282494306564331
193;0.0006974427960813046;0.020005669444799423
194;0.0009595979354344308;0.022454775869846344
195;0.0008958321996033192;0.023022688925266266
196;0.0014080661348998547;0.028257891535758972
197;0.0007955924374982715;0.022592738270759583
198;0.0008066846639849246;0.02032625488936901
199;0.0009792288765311241;0.022267727181315422
200;0.0006831333739683032;0.020808441564440727
201;0.0012814179062843323;0.02902970463037491
202;0.0005811895243823528;0.019288763403892517
203;0.0008128498448058963;0.022594699636101723
204;0.0010405569337308407;0.02528667449951172
205;0.0006889409851282835;0.02009621635079384
206;0.0007021265919320285;0.018953433260321617
207;0.0010828364174813032;0.02279970794916153
208;0.0011783463414758444;0.025963954627513885
209;0.0008179895230568945;0.022082634270191193
210;0.001272639143280685;0.025868292897939682
211;0.00090308632934466;0.021583495661616325
212;0.0012331245234236121;0.0286445040255785
213;0.000853037869092077;0.023304106667637825
214;0.0009264333639293909;0.024028010666370392
215;0.0006770164472982287;0.019026050344109535
216;0.0011782512301579118;0.025836912915110588
217;0.0014709847746416926;0.03258487209677696
218;0.0005261909682303667;0.019090011715888977
219;0.000536785926669836;0.018375521525740623
220;0.0008233375265263021;0.022221509367227554
221;0.0007420278270728886;0.021905696019530296
222;0.0006137811578810215;0.019631195813417435
223;0.0005161325098015368;0.016767943277955055
224;0.0007728668279014528;0.02300720103085041
225;0.001634368789382279;0.02813480980694294
226;0.0016804885817691684;0.029334673658013344
227;0.0008632653625681996;0.022565213963389397
228;0.0007816297002136707;0.02003665082156658
229;0.0010857562301680446;0.024495914578437805
230;0.0017607590416446328;0.031159773468971252
231;0.0008684780332259834;0.02400653064250946
232;0.0006243682582862675;0.019037984311580658
233;0.0005166056798771024;0.01739831268787384
234;0.001969624310731888;0.029448069632053375
235;0.000704550591763109;0.021147849038243294
236;0.0010189501335844398;0.023050520569086075
237;0.0005728154210373759;0.01800859346985817
238;0.0010482710786163807;0.026137789711356163
239;0.0009265242842957377;0.022878460586071014
240;0.000566673930734396;0.018704941496253014
241;0.0007173469639383256;0.021428486332297325
242;0.0006028041825629771;0.01829499378800392
243;0.0008034769562073052;0.022602297365665436
244;0.000515011022798717;0.016755132004618645
245;0.0008305706433020532;0.021746817976236343
246;0.0004947825218550861;0.018163027241826057
247;0.0006436991970986128;0.019223174080252647
248;0.0007328050560317934;0.021997179836034775
249;0.000862591085024178;0.02178962156176567
250;0.0007516024052165449;0.02081110328435898
251;0.0006184662925079465;0.020076734945178032
252;0.001009580446407199;0.02223888598382473
253;0.0006170995184220374;0.018953761085867882
254;0.0014392889570444822;0.026010796427726746
255;0.000500617315992713;0.01755741983652115
256;0.0007720217108726501;0.02172325737774372
257;0.0007371365209110081;0.02118663676083088
258;0.0009180708439089358;0.022391710430383682
259;0.0007107988349162042;0.019426284357905388
260;0.0005431651952676475;0.0195598341524601
261;0.0007929687853902578;0.02129742130637169
262;0.0011187739437445998;0.02390904352068901
263;0.0006589723052456975;0.01938483864068985
264;0.0009442619048058987;0.022645290940999985
265;0.0008285113726742566;0.02141837775707245
266;0.0009709069854579866;0.022604012861847878
267;0.0012281137751415372;0.027320191264152527
268;0.0009175042505376041;0.023207025602459908
269;0.0008797250338830054;0.022257665172219276
270;0.0005595143302343786;0.018180837854743004
271;0.0006951835821382701;0.020487384870648384
272;0.0005675374413840473;0.01652468740940094
273;0.000979512115009129;0.022437365725636482
274;0.0009367600432597101;0.022359268739819527
275;0.0007816842407919466;0.01964859664440155
276;0.0007350154337473214;0.021078219637274742
277;0.000509032339323312;0.0181601382791996
278;0.0008991911308839917;0.022754428908228874
279;0.0007062474614940584;0.019193949177861214
280;0.0008826400153338909;0.021798977628350258
281;0.0008669146336615086;0.022204218432307243
282;0.0010389892850071192;0.0272950679063797
283;0.000778327404987067;0.02228385955095291
284;0.0011977001558989286;0.024234581738710403
285;0.0011580669088289142;0.025675389915704727
286;0.0011448056902736425;0.022624684497714043
287;0.000913548341486603;0.02258363738656044
288;0.0004051881260238588;0.015442372299730778
289;0.0009030243963934481;0.021472038701176643
290;0.0007867383537814021;0.02257198840379715
291;0.0005102072609588504;0.017878128215670586
292;0.0008963472791947424;0.022449122741818428
293;0.001304804696701467;0.028918301686644554
294;0.0005066851736046374;0.01818886585533619
295;0.0006807348690927029;0.019101228564977646
296;0.0005621298332698643;0.018730392679572105
297;0.0005292649730108678;0.01640230230987072
298;0.0005072200438007712;0.017041875049471855
299;0.0006944184424355626;0.021811652928590775
300;0.000594717392232269;0.019611824303865433
301;0.0006065467023290694;0.017808467149734497
302;0.0008804096723906696;0.02194705791771412
303;0.0005995588726364076;0.018267979845404625
304;0.0005475929938256741;0.017508426681160927
305;0.000766437966376543;0.020780030637979507
306;0.000578163715545088;0.018471024930477142
307;0.0005532599752768874;0.019248250871896744
308;0.00038352044066414237;0.015250910073518753
309;0.0009951228275895119;0.02247578650712967
310;0.0009939390001818538;0.02468057908117771
311;0.0005992617807351053;0.01685045100748539
312;0.0007650463958270848;0.020180286839604378
313;0.000571894459426403;0.018332259729504585
314;0.0006932851392775774;0.020995672792196274
315;0.0007837731973268092;0.021428372710943222
316;0.0007793265976943076;0.022481845691800117
317;0.0006286890711635351;0.01698937639594078
318;0.0014896199572831392;0.02902369201183319
319;0.0020798088517040014;0.035586848855018616
320;0.000785785261541605;0.022225594148039818
321;0.0007444696966558695;0.021966909989714622
322;0.000920342281460762;0.023015905171632767
323;0.00119607278611511;0.024578580632805824
324;0.0005252930568531156;0.018227145075798035
325;0.0008865468553267419;0.021476931869983673
326;0.000575080222915858;0.02036195807158947
327;0.00077249197056517;0.022089598700404167
328;0.0006169669795781374;0.019074682146310806
329;0.00047048399574123323;0.016404548659920692
330;0.0009913673857226968;0.02267085574567318
331;0.0005074684740975499;0.016966862604022026
332;0.000545476854313165;0.017601290717720985
333;0.0008683734340593219;0.022341130301356316
334;0.0006842795410193503;0.017912862822413445
335;0.0005988866905681789;0.017894012853503227
336;0.0006567374221049249;0.01964329369366169
337;0.0005440723616629839;0.01970999501645565
338;0.0005883146659471095;0.01997908391058445
339;0.0007764828042127192;0.019410550594329834
340;0.0007067679543979466;0.02066436968743801
341;0.0006227916455827653;0.01986493356525898
342;0.0005985218449495733;0.01962071843445301
343;0.0009057520655915141;0.023534255102276802
344;0.0005631353124044836;0.018583014607429504
345;0.0005611201049759984;0.018169520422816277
346;0.0006943136104382575;0.019963009282946587
347;0.0004965037805959582;0.01694093830883503
348;0.0005952887004241347;0.0179256871342659
349;0.0004630103358067572;0.017357900738716125
350;0.000451685453299433;0.017084108665585518
351;0.00097210134845227;0.02249917760491371
352;0.00036057259421795607;0.01477823220193386
353;0.0006187224062159657;0.018482374027371407
354;0.0005356842302717268;0.018902195617556572
355;0.0005606554914265871;0.01946861483156681
356;0.0007018477190285921;0.02089080400764942
357;0.0006800412083975971;0.019549285992980003
358;0.0009807071182876825;0.024998141452670097
359;0.001612361054867506;0.027980981394648552
360;0.0014432606985792518;0.029277373105287552
361;0.0008869152516126633;0.01865023747086525
362;0.0004567153810057789;0.017706556245684624
363;0.0004950786824338138;0.01810048520565033
364;0.0005761689390055835;0.018040332943201065
365;0.0004100980586372316;0.014429796487092972
366;0.000717335962690413;0.020247289910912514
367;0.0005802970263175666;0.018528306856751442
368;0.0006331682088784873;0.019798800349235535
369;0.0006694928160868585;0.0194633100181818
370;0.0005672119441442192;0.01876416616141796
371;0.0005402858951129019;0.017591239884495735
372;0.00028888150700367987;0.013582522049546242
373;0.0003839241398964077;0.015935752540826797
374;0.0005434282356873155;0.017869753763079643
375;0.0010280772112309933;0.023947326466441154
376;0.0006900398875586689;0.020761454477906227
377;0.000811328471172601;0.0242849662899971
378;0.0005732614081352949;0.01925607956945896
379;0.0006188643164932728;0.01903454400599003
380;0.0007121220114640892;0.021152468398213387
381;0.0008408759604208171;0.02115301787853241
382;0.0006910995580255985;0.019842324778437614
383;0.0006714347982779145;0.020567012950778008
384;0.0011855170596390963;0.02523501217365265
385;0.0010919084306806326;0.026873424649238586
386;0.0006733893533237278;0.019008144736289978
387;0.0005275626317597926;0.018528306856751442
388;0.0006837646360509098;0.021536150947213173
389;0.0006971261464059353;0.018483778461813927
390;0.0004755625850521028;0.017006119713187218
391;0.0005067752790637314;0.016669943928718567
392;0.0005672064144164324;0.01951696164906025
393;0.0007889581029303372;0.0203270111232996
394;0.000991895911283791;0.025255518034100533
395;0.00040787490434013307;0.015886090695858
396;0.0006521853501908481;0.018424658104777336
397;0.000569429132156074;0.017975594848394394
398;0.0006321328110061586;0.02064603753387928
399;0.0007016813033260405;0.018448282033205032
400;0.0004076915211044252;0.01566389948129654
401;0.0004907706170342863;0.016535470262169838
402;0.0008428316214121878;0.02171473205089569
403;0.0005220102029852569;0.01805966906249523
404;0.0006242578383535147;0.017853854224085808
405;0.000905489781871438;0.021823296323418617
406;0.0007728413329459727;0.02180257998406887
407;0.0008473931229673326;0.020438048988580704
408;0.0008011353784240782;0.022850744426250458
409;0.0007472413708455861;0.02173713780939579
410;0.0005885869031772017;0.019508875906467438
411;0.0006699318764731288;0.020976994186639786
412;0.0007561570964753628;0.01958942413330078
413;0.0009429180645383894;0.024310840293765068
414;0.0005710315890610218;0.01953434757888317
415;0.0004988134605810046;0.016981933265924454
416;0.0007165790884755552;0.020400729030370712
417;0.0008960363338701427;0.022289695218205452
418;0.0007079787901602685;0.022025179117918015
419;0.0006727940053679049;0.01794159971177578
420;0.0010345650371164083;0.023263981565833092
421;0.00042994640534743667;0.016446884721517563
422;0.000525130657479167;0.015874914824962616
423;0.0007981015951372683;0.01942368969321251
424;0.0008630719967186451;0.02192023955285549
425;0.0005970086203888059;0.02059808000922203
426;0.0008532178471796215;0.019942892715334892
427;0.0007159116212278605;0.020140493288636208
428;0.000677101023029536;0.019530467689037323
429;0.0006854579551145434;0.021383635699748993
430;0.0010436323937028646;0.024973662570118904
431;0.0003729580494109541;0.0145376306027174
432;0.0003794718941207975;0.01571578159928322
433;0.0004343080800026655;0.01696361042559147
434;0.00032884886604733765;0.012849448248744011
435;0.00045379294897429645;0.016821149736642838
436;0.0009152209968306124;0.02336144633591175
437;0.0006629804847761989;0.019970728084445
438;0.0007741329609416425;0.02040732093155384
439;0.0007154654595069587;0.017892353236675262
440;0.0007610481115989387;0.02107975073158741
441;0.0006137521122582257;0.020027711987495422
442;0.000721425109077245;0.017655234783887863
443;0.0006535708671435714;0.017937468364834785
444;0.0007210896001197398;0.019824376329779625
445;0.0016404112102463841;0.03207598626613617
446;0.0008862994727678597;0.02325744740664959
447;0.0005838930374011397;0.01751558855175972
448;0.000492342107463628;0.017739219591021538
449;0.0006212703883647919;0.01966124400496483
450;0.0004551124293357134;0.014890249818563461
451;0.0005386194679886103;0.017195163294672966
452;0.00040782324504107237;0.015625637024641037
453;0.0003579583135433495;0.01374142151325941
454;0.0010381379397585988;0.02561468817293644
455;0.0006016823463141918;0.020056357607245445
456;0.0007453531143255532;0.021510573104023933
457;0.0005695586442016065;0.017664816230535507
458;0.0007508207345381379;0.02086854726076126
459;0.0007119066431187093;0.018187236040830612
460;0.0011035425122827291;0.024752262979745865
461;0.0008862752583809197;0.023255715146660805
462;0.00149520393460989;0.030909273773431778
463;0.0005384838441386819;0.01791652850806713
464;0.0005789230926893651;0.01741420291364193
465;0.0006286751595325768;0.0205355454236269
466;0.0006991651025600731;0.020349500700831413
467;0.0005688511882908642;0.018403474241495132
468;0.0005975689273327589;0.01852244883775711
469;0.0004942180239595473;0.01657211035490036
470;0.0006275289342738688;0.01790815219283104
471;0.0005435526254586875;0.018538109958171844
472;0.0006762961274944246;0.020527124404907227
473;0.0005244378698989749;0.016550015658140182
474;0.00042245074291713536;0.016338087618350983
475;0.0006641269428655505;0.01886029541492462
476;0.0009280373342335224;0.020116139203310013
477;0.0007455945597030222;0.021994642913341522
478;0.0006753747002221644;0.020525025203824043
479;0.0003397397231310606;0.014558035880327225
480;0.0003031791711691767;0.01428331807255745
481;0.0004899147315882146;0.016436520963907242
482;0.0004170285537838936;0.01657889597117901
483;0.0005831188173033297;0.01900402083992958
484;0.00046359931002371013;0.015019883401691914
485;0.000567366078030318;0.019764577969908714
486;0.0006316301296465099;0.019043706357479095
487;0.00041568081360310316;0.016809189692139626
488;0.0005152159137651324;0.017781106755137444
489;0.00033103307941928506;0.013868785463273525
490;0.0005426143761724234;0.016857683658599854
491;0.0003781969426199794;0.01619713194668293
492;0.00045832034084014595;0.01687968522310257
493;0.0004433037538547069;0.016604794189333916
494;0.0005586639745160937;0.017660031095147133
495;0.0008869319572113454;0.02373463101685047
496;0.0005843641702085733;0.01987852156162262
497;0.0005113951046951115;0.01772819459438324
498;0.0011053017806261778;0.022677376866340637
499;0.000547759176697582;0.016681889072060585
0;0.009905303828418255;0.06708116084337234
1;0.002861139364540577;0.044239893555641174
2;0.0022847221698611975;0.0353437103331089
3;0.0015429253689944744;0.031262245029211044
4;0.0011257283622398973;0.027334531769156456
5;0.0013810130767524242;0.02714831754565239
6;0.0015969836385920644;0.028718281537294388
7;0.0008766436367295682;0.023206690326333046
8;0.0010055155726149678;0.025416454300284386
9;0.0008492902852594852;0.02251271903514862
10;0.0010468398686498404;0.02228517085313797
11;0.0008380761719308794;0.02223287709057331
12;0.0014694759156554937;0.031207095831632614
13;0.0006703753024339676;0.021113814786076546
14;0.0018669781275093555;0.03487797826528549
15;0.0008989145280793309;0.02529962919652462
16;0.0009559743921272457;0.02236895076930523
17;0.0010730988578870893;0.02400130406022072
18;0.0006042476161383092;0.02013305015861988
19;0.0011122075375169516;0.02685290202498436
20;0.0016855003777891397;0.03180497884750366
21;0.0013659647665917873;0.029471656307578087
22;0.0006459364085458219;0.01919625885784626
23;0.0009096092544496059;0.021242426708340645
24;0.0007634051726199687;0.020781664177775383
25;0.0011885251151397824;0.026483558118343353
26;0.0016989588038995862;0.02986047975718975
27;0.001312880078330636;0.029271066188812256
28;0.0012871616054326296;0.029240425676107407
29;0.0008701016777195036;0.022393902763724327
30;0.0008223932818509638;0.022583171725273132
31;0.0005799981881864369;0.019711056724190712
32;0.0006410412606783211;0.02030106820166111
33;0.0008815451292321086;0.0232413187623024
34;0.0005202476750127971;0.019271912053227425
35;0.0005945691373199224;0.01936030574142933
36;0.0007130918675102293;0.021217690780758858
37;0.0007955691544339061;0.019867615774273872
38;0.0010362269822508097;0.02348121628165245
39;0.000996804446913302;0.024587061256170273
40;0.0006344285793602467;0.019949134439229965
41;0.0008909702301025391;0.023241953924298286
42;0.0015668491832911968;0.03144366666674614
43;0.0006458796560764313;0.020908985286951065
44;0.0005418009241111577;0.020544324070215225
45;0.000726007332559675;0.0202038511633873
46;0.0005743054789490998;0.019514568150043488
47;0.00062345847254619;0.019808923825621605
48;0.0004415602597873658;0.01720353215932846
49;0.000591071555390954;0.018766069784760475
50;0.0006570498226210475;0.018383560702204704
51;0.0005402513779699802;0.019332321360707283
52;0.0007063582306727767;0.02133401483297348
53;0.0009733493207022548;0.02581624686717987
54;0.0007426296942867339;0.02026555873453617
55;0.0007457724423147738;0.020986320450901985
56;0.0006430470384657383;0.019649172201752663
57;0.0007151860045269132;0.020701801404356956
58;0.00042577015119604766;0.01679728366434574
59;0.0008085053996182978;0.022990675643086433
60;0.0005735487793572247;0.018453925848007202
61;0.0009543828200548887;0.024848712608218193
62;0.0005383056122809649;0.01912294328212738
63;0.00039149069925770164;0.016144953668117523
64;0.0005377323250286281;0.018526814877986908
65;0.0005691158003173769;0.01861339434981346
66;0.0006694723851978779;0.019363809376955032
67;0.0005019712843932211;0.017636790871620178
68;0.000610291725024581;0.01884133741259575
69;0.0006007410702295601;0.01993607170879841
70;0.0015708134742453694;0.03221869468688965
71;0.0005999379209242761;0.015991486608982086
72;0.0006664477405138314;0.02025342732667923
73;0.00047362150507979095;0.01762385107576847
74;0.00047117689973674715;0.014847127720713615
75;0.0005437322543002665;0.017739800736308098
76;0.00048146420158445835;0.01686049811542034
77;0.0004679068806581199;0.018223736435174942
78;0.0006605707458220422;0.020193826407194138
79;0.0009085111669264734;0.021810635924339294
80;0.0005953509826213121;0.01723669283092022
81;0.00047379263560287654;0.01739763841032982
82;0.0010838184971362352;0.02619738131761551
83;0.000366522028343752;0.01619299314916134
84;0.000490524573251605;0.017982348799705505
85;0.00043451666715554893;0.01612912304699421
86;0.000550667813513428;0.018456129357218742
87;0.00034766257158480585;0.014863921329379082
88;0.0005098688998259604;0.016490956768393517
89;0.0005356611218303442;0.0185104887932539
90;0.00047022386570461094;0.016831085085868835
91;0.0006917807622812688;0.020902879536151886
92;0.000513098610099405;0.016875695437192917
93;0.00041708373464643955;0.015440027229487896
94;0.00043187689152546227;0.016116097569465637
95;0.00028502740315161645;0.01331785973161459
96;0.0005933850188739598;0.019381115213036537
97;0.0005051291082054377;0.018335364758968353
98;0.00046888369251973927;0.017143461853265762
99;0.0006328760646283627;0.020593484863638878
100;0.0006445228355005383;0.01955440826714039
101;0.0005706737283617258;0.018215224146842957
102;0.00042525699245743454;0.016490260139107704
103;0.00041829521069303155;0.01687905378639698
104;0.0005072415224276483;0.017937934026122093
105;0.0004122945247218013;0.015225972048938274
106;0.0005727979587391019;0.01754828356206417
107;0.00030735335894860327;0.013901622965931892
108;0.0003591451095417142;0.015319352969527245
109;0.00044503193930722773;0.016772665083408356
110;0.00031856485293246806;0.014274494722485542
111;0.0003772290365304798;0.014751181937754154
112;0.00047440562047995627;0.016283107921481133
113;0.0006983123021200299;0.02130507118999958
114;0.0005966667085886002;0.016330281272530556
115;0.0006638970808126032;0.019690539687871933
116;0.0014891773462295532;0.02943269908428192
117;0.0010694970842450857;0.026380809023976326
118;0.0006869434146210551;0.019772348925471306
119;0.0006729941233061254;0.02036202885210514
120;0.0005960370181128383;0.01910785585641861
121;0.00047924998216331005;0.015574733726680279
122;0.0006556438747793436;0.019195374101400375
123;0.0004647514142561704;0.017405958846211433
124;0.000688655418343842;0.02063077501952648
125;0.0006610802374780178;0.02041345089673996
126;0.0005432250327430665;0.01771782524883747
127;0.0006661343504674733;0.0200200192630291
128;0.000546107767149806;0.01761425845324993
129;0.0004080684739165008;0.015849385410547256
130;0.0005574562237598002;0.01792791858315468
131;0.00027585323550738394;0.013712399639189243
132;0.00028327872860245407;0.014021922834217548
133;0.0003404966846574098;0.01443176344037056
134;0.0004830885154660791;0.01784963347017765
135;0.0003650112194009125;0.015662429854273796
136;0.0005369456484913826;0.017823169007897377
137;0.00045375319314189255;0.016457773745059967
138;0.00029877605265937746;0.014547298662364483
139;0.00037602888187393546;0.015973661094903946
140;0.0004578439984470606;0.01626962050795555
141;0.0003232761810068041;0.015152717009186745
142;0.0003370683698449284;0.014465954154729843
143;0.0007270936039276421;0.020666465163230896
144;0.00036313122836872935;0.014840585179626942
145;0.0005268899258226156;0.01813817024230957
146;0.00042177934665232897;0.015865998342633247
147;0.00040204153629019856;0.015396944247186184
148;0.00039660881157033145;0.015199840068817139
149;0.00044477806659415364;0.017090538516640663
150;0.00039209413807839155;0.015068413689732552
151;0.0004923716769553721;0.018554748967289925
152;0.0005236295401118696;0.017295444384217262
153;0.0006854490493424237;0.0216654185205698
154;0.0004037058388348669;0.015684958547353745
155;0.0006041271262802184;0.018385857343673706
156;0.0003021692100446671;0.0136257940903306
157;0.0004741206648759544;0.017233792692422867
158;0.0006938281585462391;0.02185751497745514
159;0.0006762656266801059;0.022679723799228668
160;0.0003488879301585257;0.015979869291186333
161;0.0004895069287158549;0.0166642963886261
162;0.00040497301961295307;0.016069194301962852
163;0.0003196088073309511;0.014307827688753605
164;0.0004315824480727315;0.01606624573469162
165;0.0005600789445452392;0.018257591873407364
166;0.0003809034242294729;0.015423732809722424
167;0.0003310873871669173;0.014507371000945568
168;0.0003061540483031422;0.014335919171571732
169;0.0004073709133081138;0.014062691479921341
170;0.000573894300032407;0.019093165174126625
171;0.0005559946876019239;0.019305190071463585
172;0.0004651025519706309;0.017666658386588097
173;0.0004547988355625421;0.01610078662633896
174;0.0004328845825511962;0.016411520540714264
175;0.000636313809081912;0.018560709431767464
176;0.00047661311691626906;0.017771797254681587
177;0.0003407644107937813;0.015055245719850063
178;0.0002304270165041089;0.0121803879737854
179;0.0002814764447975904;0.013819367624819279
180;0.0005952548235654831;0.019980445504188538
181;0.0004614577046595514;0.017003469169139862
182;0.0005406981217674911;0.017342662438750267
183;0.0003761202679015696;0.014881787821650505
184;0.0004422010970301926;0.016332974657416344
185;0.00043435493716970086;0.015290911309421062
186;0.00044033495942130685;0.016162145882844925
187;0.0007358935545198619;0.02123282290995121
188;0.0007594392518512905;0.02106074057519436
189;0.0003700634988490492;0.015798363834619522
190;0.00047150999307632446;0.016568932682275772
191;0.0005145393079146743;0.018409768119454384
192;0.00047474069288000464;0.01801462285220623
193;0.0008246596553362906;0.022205911576747894
194;0.00045666744699701667;0.016412386670708656
195;0.00046448202920146286;0.016762040555477142
196;0.00039556671981699765;0.016119753941893578
197;0.00034111322020180523;0.013843592256307602
198;0.0005254959687590599;0.017656655982136726
199;0.0006824317388236523;0.019409215077757835
200;0.00041461060754954815;0.016777215525507927
201;0.0005209406954236329;0.017284294590353966
202;0.00047470195568166673;0.016748858615756035
203;0.00047075527254492044;0.01658760942518711
204;0.0006615280290134251;0.02085137367248535
205;0.000475555716548115;0.017709240317344666
206;0.0004574617196340114;0.017693499103188515
207;0.0005437436047941446;0.017806774005293846
208;0.0010872853454202414;0.026458974927663803
209;0.0010661433916538954;0.02694621868431568
210;0.00059746258193627;0.01804138533771038
211;0.0004984206752851605;0.017222771421074867
212;0.0004144244594499469;0.01630873791873455
213;0.00042285610106773674;0.014836257323622704
214;0.00040155331953428686;0.014589764177799225
215;0.0003791828057728708;0.015360764227807522
216;0.0005721398629248142;0.018387608230113983
217;0.0005397635395638645;0.019843852147459984
218;0.0005149848875589669;0.017695661634206772
219;0.0004887928953394294;0.018602244555950165
220;0.0004416333104018122;0.017257045954465866
221;0.0003829544293694198;0.015433655120432377
222;0.00044511642772704363;0.01672437973320484
223;0.00028991885483264923;0.013238849118351936
224;0.00024839246179908514;0.011986755765974522
225;0.000512193248141557;0.01854427345097065
226;0.0004110301670152694;0.016109749674797058
227;0.0004278175183571875;0.01650899276137352
228;0.000704343372490257;0.021491173654794693
229;0.0003392853541299701;0.014270465821027756
230;0.000490133767016232;0.01864023320376873
231;0.0003597402246668935;0.014495010487735271
232;0.0004290385404601693;0.014869991689920425
233;0.00040588376577943563;0.017270777374505997
234;0.0004394000570755452;0.016529880464076996
235;0.0005411429447121918;0.018877148628234863
236;0.0006742337136529386;0.02230837568640709
237;0.0003957869776058942;0.015456471592187881
238;0.00046227299026213586;0.017742956057190895
239;0.00042179643060080707;0.01665460504591465
240;0.0003849649801850319;0.01551035512238741
241;0.00047392980195581913;0.017772411927580833
242;0.0008034773054532707;0.02053253911435604
243;0.0003672893508337438;0.015033560805022717
244;0.0004637117963284254;0.016868621110916138
245;0.0002873709599953145;0.013084853999316692
246;0.00037096498999744654;0.015334557741880417
247;0.0006844495073892176;0.021096551790833473
248;0.00038553366903215647;0.014587903395295143
249;0.00041456587496213615;0.01545686088502407
250;0.0005774841993115842;0.018799683079123497
251;0.0003194196324329823;0.01461912039667368
252;0.0006873283418826759;0.02166466973721981
253;0.000277076120255515;0.01295254472643137
254;0.0005126987234689295;0.018921395763754845
255;0.0006369855836965144;0.020601609721779823
256;0.0004366797802504152;0.01706663705408573
257;0.000375286239432171;0.015361844561994076
258;0.0005524526350200176;0.018938541412353516
259;0.00039989149081520736;0.016102543100714684
260;0.00040847205673344433;0.015621085651218891
261;0.0003820619313046336;0.015369247645139694
262;0.0003782649291679263;0.014814726077020168
263;0.0003449392970651388;0.01487278938293457
264;0.00026044700643979013;0.013243593275547028
265;0.0004377907025627792;0.016454597935080528
266;0.0003463546163402498;0.014261513948440552
267;0.00032956592622213066;0.01364080235362053
268;0.00047401280608028173;0.017343511804938316
269;0.00044709842768497765;0.017297934740781784
270;0.0002897159429267049;0.012615200132131577
271;0.00031096639577299356;0.014715982601046562
272;0.0004439340846147388;0.016528062522411346
273;0.0006015018443576992;0.018464231863617897
274;0.00043457362335175276;0.01724649965763092
275;0.0004038623010274023;0.016444507986307144
276;0.0003622251970227808;0.01561348233371973
277;0.00037782260915264487;0.014426552690565586
278;0.0005502388812601566;0.019039073958992958
279;0.0006236533517949283;0.02012305147945881
280;0.00040257847285829484;0.01676727645099163
281;0.00046408624621108174;0.017572565004229546
282;0.0005242620245553553;0.01831820048391819
283;0.0003513960400596261;0.014955205842852592
284;0.000344152154866606;0.014705578796565533
285;0.0004875912854913622;0.016851674765348434
286;0.0003276978386566043;0.014909024350345135
287;0.00037592725129798055;0.01620517484843731
288;0.0004885527887381613;0.017290258780121803
289;0.0005711988778784871;0.017516540363430977
290;0.0003263959370087832;0.013971475884318352
291;0.0004211780906189233;0.018095433712005615
292;0.0005151713849045336;0.017343370243906975
293;0.0004588620213326067;0.017681507393717766
294;0.0003238657955080271;0.013176564127206802
295;0.00029876394546590745;0.013199331238865852
296;0.00030709808925166726;0.01385725662112236
297;0.0003159634943585843;0.013968070037662983
298;0.00038265963667072356;0.014517508447170258
299;0.00044270313810557127;0.016973504796624184
300;0.00030675617745146155;0.0136266453191638
301;0.00040156792965717614;0.016990773379802704
302;0.0002695184957701713;0.012589518912136555
303;0.00032942628604359925;0.013475030660629272
304;0.0004439120530150831;0.01634535938501358
305;0.0004399385361466557;0.016510961577296257
306;0.00033174423151649535;0.014079274609684944
307;0.00029605269082821906;0.013515490107238293
308;0.0003242118109483272;0.014301895163953304
309;0.00026108568999916315;0.012210093438625336
310;0.00032354265567846596;0.014607147313654423
311;0.0003486644709482789;0.013819231651723385
312;0.0002612222742754966;0.012481884099543095
313;0.0006223351811058819;0.01906270533800125
314;0.0006096294964663684;0.018869927152991295
315;0.0004099320212844759;0.016592884436249733
316;0.00026757564046420157;0.012932777404785156
317;0.0003775052318815142;0.01424443069845438
318;0.0003558376047294587;0.01470296923071146
319;0.00031211573514156044;0.013484732247889042
320;0.00045140046859160066;0.017002388834953308
321;0.0002969181223306805;0.013324995525181293
322;0.00020970271725673229;0.01184996496886015
323;0.0003741230466403067;0.015328843146562576
324;0.00042023396235890687;0.01669240929186344
325;0.0005100059788674116;0.01701885461807251
326;0.0005685505457222462;0.019142761826515198
327;0.00036255360464565456;0.014493362046778202
328;0.00046938288141973317;0.016603123396635056
329;0.0004449989937711507;0.01673528179526329
330;0.0005797164048999548;0.0192269179970026
331;0.0008701636688783765;0.021603835746645927
332;0.0008886540890671313;0.022868825122714043
333;0.0004180697142146528;0.015232790261507034
334;0.00043289983295835555;0.016605623066425323
335;0.00022132130106911063;0.012029089033603668
336;0.00033068389166146517;0.014337225817143917
337;0.00037819851422682405;0.015780458226799965
338;0.00028125886456109583;0.013509560376405716
339;0.000254337239312008;0.012635407969355583
340;0.0003038662252947688;0.014256616123020649
341;0.0006036042468622327;0.019807465374469757
342;0.0008325734524987638;0.02271466702222824
343;0.0004465312522370368;0.017575930804014206
344;0.00032461562659591436;0.01421293057501316
345;0.0003102703776676208;0.013462190516293049
346;0.00037635528133250773;0.0135693633928895
347;0.00041093339677900076;0.01567436009645462
348;0.0004164105048403144;0.016105525195598602
349;0.0003101760521531105;0.014034980908036232
350;0.0003222175291739404;0.014549481682479382
351;0.0003070787061005831;0.014107059687376022
352;0.0003087959485128522;0.013393491506576538
353;0.00033133584656752646;0.013414857909083366
354;0.00033858304959721863;0.014163695275783539
355;0.00032586249290034175;0.014143561013042927
356;0.00024537244462408125;0.012496065348386765
357;0.0003555722942110151;0.01482224091887474
358;0.0004355735727585852;0.01597902551293373
359;0.00010539832874201238;0.007934543304145336
360;0.0004580574750434607;0.01686733588576317
361;0.0003569996333681047;0.01577659510076046
362;0.0005023103440180421;0.018160905689001083
363;0.0007897523464635015;0.023426389321684837
364;0.0009380929404869676;0.023529844358563423
365;0.0005857765208929777;0.020579524338245392
366;0.0003304817946627736;0.014894972555339336
367;0.0004367756482679397;0.017646435648202896
368;0.00028917071176692843;0.013783352449536324
369;0.0002722479694057256;0.01335819996893406
370;0.000184034084668383;0.011121616698801517
371;0.00040675667696632445;0.014915559440851212
372;0.00044911992154084146;0.0171306561678648
373;0.0002565634495113045;0.012254019267857075
374;0.0003857689443975687;0.016135355457663536
375;0.00026315159630030394;0.012598174624145031
376;0.00023310852702707052;0.012177855707705021
377;0.00026125257136300206;0.01271557342261076
378;0.0003266595595050603;0.014680910855531693
379;0.0005664197378791869;0.01805858127772808
380;0.0004546221171040088;0.016316844150424004
381;0.00020759708422701806;0.011003876104950905
382;0.0003067191573791206;0.013441590592265129
383;0.00025195046328008175;0.012077226303517818
384;0.0002698864263948053;0.012701735831797123
385;0.00032940966775640845;0.013734674081206322
386;0.0004641729756258428;0.017834844067692757
387;0.00032406809623353183;0.01480081770569086
388;0.0002983667654916644;0.014193779788911343
389;0.0004159210657235235;0.016316328197717667
390;0.0003177942126058042;0.013550084084272385
391;0.00029929005540907383;0.013623186387121677
392;0.00021262727386783808;0.012256713584065437
393;0.000401694152969867;0.01576053909957409
394;0.0003357611712999642;0.01454987283796072
395;0.00040413797250948846;0.013968871906399727
396;0.00025386750348843634;0.01219883468002081
397;0.00039591273525729775;0.0146131357178092
398;0.0006150969420559704;0.0200959462672472
399;0.0009642687509767711;0.022776303812861443
400;0.0004922699881717563;0.017007753252983093
401;0.00035755036515183747;0.014433145523071289
402;0.0004448943946044892;0.017236484214663506
403;0.0006087137735448778;0.018736353144049644
404;0.0005889904568903148;0.018526935949921608
405;0.00028823036700487137;0.013230778276920319
406;0.0004850735713262111;0.01599733904004097
407;0.0006556521984748542;0.019350338727235794
408;0.0003419476270209998;0.015683047473430634
409;0.00038934379699639976;0.015277443453669548
410;0.00037831347435712814;0.01535214763134718
411;0.00022852212714497;0.012486136518418789
412;0.0003731743199750781;0.015328883193433285
413;0.00042431685142219067;0.016235770657658577
414;0.0002081974525935948;0.011985859833657742
415;0.0004575313942041248;0.017288750037550926
416;0.0003764400025829673;0.015793925151228905
417;0.0003796426171902567;0.01579795964062214
418;0.000496921013109386;0.017051609233021736
419;0.0003418356936890632;0.015196748077869415
420;0.00024311203742399812;0.01294004824012518
421;0.00033687386894598603;0.01362693402916193
422;0.00021570156968664378;0.01169909629970789
423;0.00025932223070412874;0.013362046331167221
424;0.00022930350678507239;0.011968370527029037
425;0.0002779481583274901;0.012938477098941803
426;0.00029575428925454617;0.012557764537632465
427;0.0004478082701098174;0.01588740013539791
428;0.0004955645999871194;0.018145140260457993
429;0.00040485020144842565;0.015609572641551495
430;0.0002742360229603946;0.013148016296327114
431;0.0003327133890707046;0.014185799285769463
432;0.0002470680919941515;0.012737642973661423
433;0.00020255886192899197;0.011970804072916508
434;0.00016788706125225872;0.011118175461888313
435;0.00023654295364394784;0.012021876871585846
436;0.0002818694629240781;0.01326496060937643
437;0.0003478545695543289;0.014933083206415176
438;0.0006358147948049009;0.01790625788271427
439;0.0003080291789956391;0.012928594835102558
440;0.00039564992766827345;0.015581403858959675
441;0.00040689867455512285;0.016248777508735657
442;0.00024267201661132276;0.012160629965364933
443;0.00036855749203823507;0.014401581138372421
444;0.00038319925079122186;0.015174614265561104
445;0.0003466186753939837;0.015541630797088146
446;0.00030802551191300154;0.014059468172490597
447;0.00025221676332876086;0.0122848404571414
448;0.00033297709887847304;0.013694723136723042
449;0.0003249485162086785;0.013523942790925503
450;0.0003414254169911146;0.014913879334926605
451;0.0002642077743075788;0.013197033666074276
452;0.0002573685778770596;0.011708153411746025
453;0.00023358188627753407;0.011941157281398773
454;0.00040763040306046605;0.015323268249630928
455;0.0004014939768239856;0.01526578888297081
456;0.0002652215480338782;0.013624442741274834
457;0.00037719012470915914;0.01511846948415041
458;0.00038100132951512933;0.015034324489533901
459;0.0003458680585026741;0.01444063801318407
460;0.0004235215892549604;0.015629015862941742
461;0.00037051126128062606;0.015398019924759865
462;0.0002348963898839429;0.011226041242480278
463;0.0002055459626717493;0.010829148814082146
464;0.00028703699354082346;0.013583110645413399
465;0.00018213102885056287;0.010778266005218029
466;0.0002650945680215955;0.01282897125929594
467;0.00025336816906929016;0.0128184724599123
468;0.0004150135791860521;0.015598663128912449
469;0.00019591879390645772;0.011610939167439938
470;0.0002586647169664502;0.012542260810732841
471;0.0001730373769532889;0.010270237922668457
472;0.00014342358917929232;0.009949559345841408
473;0.00023472998873330653;0.012232552282512188
474;0.0002755646128207445;0.012859326787292957
475;0.00033420664840377867;0.01356694009155035
476;0.0003600685449782759;0.015111781656742096
477;0.0002701271150726825;0.01256368774920702
478;0.00020360464986879379;0.011475731618702412
479;0.0003198817721568048;0.013766712509095669
480;0.0001918151683639735;0.01084933988749981
481;0.00035664247116073966;0.0160683561116457
482;0.00037272408371791244;0.01517681498080492
483;0.000566914735827595;0.01961953565478325
484;0.00023597126710228622;0.01209626067429781
485;0.0002810309815686196;0.012493721209466457
486;0.00029511467437259853;0.013504458591341972
487;0.00032873786403797567;0.013685530051589012
488;0.0003997283347416669;0.01642061024904251
489;0.000315587647492066;0.014515149407088757
490;0.00023249116202350706;0.012043159455060959
491;0.0002390446898061782;0.012096809223294258
492;0.0003145474474877119;0.014059639535844326
493;0.00043312335037626326;0.01590372622013092
494;0.0002775276079773903;0.012966104783117771
495;0.00027144182240590453;0.011852080933749676
496;0.0004580161767080426;0.016349364072084427
497;0.000326138106174767;0.014961505308747292
498;0.0003901860909536481;0.015031835995614529
499;0.00029548833845183253;0.013804341666400433
0;0.019090691581368446;0.10660949349403381
1;0.004282770212739706;0.05493257939815521
2;0.002293991856276989;0.03420301899313927
3;0.0011915249051526189;0.025902196764945984
4;0.002813436323776841;0.04199228063225746
5;0.0016005714423954487;0.02892257273197174
6;0.0014594376552850008;0.02913612313568592
7;0.0008466040017083287;0.019500145688652992
8;0.002418629825115204;0.03628480061888695
9;0.001527238404378295;0.029031207785010338
10;0.001082940842024982;0.025644829496741295
11;0.001444551395252347;0.0312449112534523
12;0.0009316506912000477;0.022200755774974823
13;0.0018292253371328115;0.029650546610355377
14;0.0013836846919730306;0.025887230411171913
15;0.002300064545124769;0.03504609316587448
16;0.0016203051200136542;0.03096010908484459
17;0.0014072016347199678;0.02473684400320053
18;0.0008914325153455138;0.022345315665006638
19;0.000822853296995163;0.021379033103585243
20;0.0006400109850801528;0.019825423136353493
21;0.0013730248901993036;0.02850443869829178
22;0.0013591570314019918;0.027569429948925972
23;0.0012112960685044527;0.027011847123503685
24;0.0009664230747148395;0.02339458279311657
25;0.0008258314337581396;0.02152562513947487
26;0.001072920742444694;0.02406259812414646
27;0.0012275612680241466;0.027991190552711487
28;0.0008883365662768483;0.023066671565175056
29;0.0009446493932045996;0.022916777059435844
30;0.0006583444774150848;0.019495658576488495
31;0.0011856110068038106;0.024496832862496376
32;0.0005638696602545679;0.01744644157588482
33;0.0006065363995730877;0.018916234374046326
34;0.0009174782317131758;0.02525179274380207
35;0.0006030485965311527;0.019875509664416313
36;0.0009257753845304251;0.024508919566869736
37;0.0009406175813637674;0.021966397762298584
38;0.0006632264703512192;0.0199262835085392
39;0.0009369463659822941;0.022846391424536705
40;0.0014564930461347103;0.02798326313495636
41;0.0016990846488624811;0.032048773020505905
42;0.0005224497872404754;0.017379317432641983
43;0.0006210334831848741;0.019927985966205597
44;0.0006089596427045763;0.019224265590310097
45;0.0006787754828110337;0.02045474201440811
46;0.001019634772092104;0.02400764264166355
47;0.0011128336191177368;0.027239274233579636
48;0.0016405513742938638;0.031340472400188446
49;0.0011682668700814247;0.02639763243496418
50;0.0007282783626578748;0.02095739357173443
51;0.001827698783017695;0.035298045724630356
52;0.0011462138500064611;0.02628234773874283
53;0.0005086691817268729;0.01742480881512165
54;0.0007796082063578069;0.01988503895699978
55;0.0005061337142251432;0.016969813033938408
56;0.0007073525339365005;0.022256672382354736
57;0.0009557985467836261;0.02177811972796917
58;0.001281611155718565;0.02909749373793602
59;0.00044864026131108403;0.01677359640598297
60;0.001113187288865447;0.023972615599632263
61;0.0007232973002828658;0.02129792980849743
62;0.0008504822035320103;0.024147097021341324
63;0.0006891923840157688;0.0210358127951622
64;0.00150399561971426;0.0315195694565773
65;0.0010094753233715892;0.024182690307497978
66;0.0015998557209968567;0.028458837419748306
67;0.0007566615240648389;0.021651066839694977
68;0.001041174167767167;0.0248627457767725
69;0.0004236646054778248;0.016741476953029633
70;0.000503752613440156;0.018673816695809364
71;0.0012320753885433078;0.026384659111499786
72;0.0013799496227875352;0.029846513643860817
73;0.0007526442059315741;0.02176220528781414
74;0.0008396794437430799;0.023023871704936028
75;0.0008450956083834171;0.023411335423588753
76;0.0006578276515938342;0.019828902557492256
77;0.0007115832413546741;0.019218672066926956
78;0.0006927981739863753;0.02218780294060707
79;0.0011934508802369237;0.02710566483438015
80;0.0007215175428427756;0.01999346911907196
81;0.0006290155579335988;0.019730746746063232
82;0.0010872137499973178;0.02499999664723873
83;0.0006766087608411908;0.02046048454940319
84;0.0005741020431742072;0.01913418434560299
85;0.0007518264465034008;0.019758285954594612
86;0.0004070207942277193;0.016542203724384308
87;0.00031143048545345664;0.013885550200939178
88;0.0008433267939835787;0.022768395021557808
89;0.0008096492965705693;0.022635027766227722
90;0.0006562804337590933;0.020567364990711212
91;0.0005391440354287624;0.0181548073887825
92;0.0005786228575743735;0.017868420109152794
93;0.000560594373382628;0.01867450773715973
94;0.0005370330763980746;0.01930401101708412
95;0.0009383886936120689;0.02322698011994362
96;0.0004867421230301261;0.01856192760169506
97;0.0006926289643160999;0.0208046343177557
98;0.0005422794492915273;0.018292414024472237
99;0.0006599329644814134;0.02154363878071308
100;0.0004824217176064849;0.01609007455408573
101;0.000657314492855221;0.02001464180648327
102;0.0004357494763098657;0.01743203215301037
103;0.0004933899617753923;0.017913173884153366
104;0.0004525352269411087;0.01699044741690159
105;0.000516918080393225;0.017582722008228302
106;0.0002792667946778238;0.013062464073300362
107;0.0005539121921174228;0.01678987592458725
108;0.00036012602504342794;0.016040608286857605
109;0.00036718655610457063;0.014061844907701015
110;0.0003462149470578879;0.014172456227242947
111;0.0008034950587898493;0.021758582442998886
112;0.0010848024394363165;0.027699539437890053
113;0.0005052723572589457;0.018028004094958305
114;0.000351140508428216;0.014344833791255951
115;0.0006595026352442801;0.020264338701963425
116;0.0005314507870934904;0.018509259447455406
117;0.0007186870207078755;0.0196793582290411
118;0.0006727166473865509;0.018270350992679596
119;0.0016880250768736005;0.030138619244098663
120;0.0007700633141212165;0.021029559895396233
121;0.0008821412338875234;0.020486928522586823
122;0.0008173499954864383;0.021974172443151474
123;0.0006961514009162784;0.021034063771367073
124;0.00030218999017961323;0.014425690285861492
125;0.0004381866892799735;0.01588391698896885
126;0.0006228871643543243;0.0198593158274889
127;0.0003804451262112707;0.015385625883936882
128;0.0006102901534177363;0.01960471086204052
129;0.00036587793147191405;0.015098271891474724
130;0.0005582993617281318;0.0198048148304224
131;0.0007731901132501662;0.021611206233501434
132;0.0010568647412583232;0.024245383217930794
133;0.0005409729783423245;0.018797822296619415
134;0.00046670690062455833;0.01765083707869053
135;0.000572711753193289;0.018981169909238815
136;0.0010636075166985393;0.026675207540392876
137;0.000704986450728029;0.02052404172718525
138;0.0006092460243962705;0.01980082504451275
139;0.0006869458011351526;0.020675277337431908
140;0.0005283286445774138;0.019299788400530815
141;0.0008739597979001701;0.024519894272089005
142;0.0007968270219862461;0.023626288399100304
143;0.0005469690077006817;0.01826641708612442
144;0.0005388306453824043;0.018345609307289124
145;0.000546681578271091;0.01793399639427662
146;0.0006327384617179632;0.019067468121647835
147;0.0006396055105142295;0.020078035071492195
148;0.000980063690803945;0.02474374696612358
149;0.0006270152516663074;0.019681096076965332
150;0.000698297459166497;0.021871065720915794
151;0.0005275622825138271;0.017742833122611046
152;0.0007125393603928387;0.01990397833287716
153;0.0004920802311971784;0.015783322975039482
154;0.0004470669955480844;0.0167270228266716
155;0.0006809437181800604;0.021478407084941864
156;0.0005247166845947504;0.018034284934401512
157;0.0006335361977107823;0.019478561356663704
158;0.00039600153104402125;0.01655547134578228
159;0.0004002067435067147;0.014903579838573933
160;0.0005417761858552694;0.018632205203175545
161;0.0005477357190102339;0.01789882965385914
162;0.0005833447794429958;0.01926341839134693
163;0.0005508797476068139;0.01759767159819603
164;0.0003169903939124197;0.01422976329922676
165;0.00046156797907315195;0.016250954940915108
166;0.000534630729816854;0.016743943095207214
167;0.000723609933629632;0.020571494475007057
168;0.00034447506186552346;0.014155250042676926
169;0.0003733999910764396;0.015611380338668823
170;0.00041149076423607767;0.01707082986831665
171;0.0004336466663517058;0.017767367884516716
172;0.0006267943535931408;0.020160067826509476
173;0.0005084146396256983;0.016426406800746918
174;0.0008671460091136396;0.022232286632061005
175;0.0006117203156463802;0.01942962408065796
176;0.0004151956527493894;0.01681063510477543
177;0.00039979664143174887;0.015982093289494514
178;0.0011012868490070105;0.025748036801815033
179;0.001610603998415172;0.032398074865341187
180;0.0007378269219771028;0.020969882607460022
181;0.000533919723238796;0.018467428162693977
182;0.0005101610440760851;0.018896063789725304
183;0.00047042302321642637;0.01650325395166874
184;0.0004678477125708014;0.017682157456874847
185;0.00046531608677469194;0.016559110954403877
186;0.00048325315583497286;0.01745591126382351
187;0.0003439333522692323;0.015594042837619781
188;0.0008830481674522161;0.02429215796291828
189;0.000495328800752759;0.017690766602754593
190;0.0003687435237225145;0.01600085198879242
191;0.000939131248742342;0.024889985099434853
192;0.0005665135104209185;0.01920481026172638
193;0.00045019041863270104;0.017431655898690224
194;0.00041033292654901743;0.01706160604953766
195;0.0008775332244113088;0.02325303852558136
196;0.00038819783367216587;0.01598551496863365
197;0.00047845696099102497;0.017181718721985817
198;0.0004473425797186792;0.01622832752764225
199;0.0005842496757395566;0.020487351343035698
200;0.0005987819749861956;0.019949838519096375
201;0.0003255485789850354;0.014643456786870956
202;0.0003683708200696856;0.015524562448263168
203;0.0004259696579538286;0.017350273206830025
204;0.0007514200988225639;0.021071791648864746
205;0.0005605361657217145;0.018862636759877205
206;0.0005418747896328568;0.019312186166644096
207;0.0004089474678039551;0.015905093401670456
208;0.000737770227715373;0.020876599475741386
209;0.0003949949750676751;0.01658758893609047
210;0.00026752136182039976;0.012510186992585659
211;0.0003213088202755898;0.013500473462045193
212;0.0005051115876995027;0.018201636150479317
213;0.00041336906724609435;0.016236715018749237
214;0.00040919051389209926;0.016533708199858665
215;0.00024273274175357074;0.012429972179234028
216;0.0004287324845790863;0.01604536920785904
217;0.00048733619041740894;0.017378872260451317
218;0.0012006462784484029;0.026408148929476738
219;0.0006593884318135679;0.021113058552145958
220;0.00048359931679442525;0.01783403567969799
221;0.00032498969812877476;0.015209726057946682
222;0.0006978413439355791;0.020450683310627937
223;0.0004235434753354639;0.016590531915426254
224;0.000618979218415916;0.019341735169291496
225;0.00043769777403213084;0.01685020513832569
226;0.0005424229893833399;0.01897708885371685
227;0.0005347120459191501;0.018949691206216812
228;0.0004692726070061326;0.017521698027849197
229;0.000730343977920711;0.02278468944132328
230;0.0009061694145202637;0.024203447625041008
231;0.0011644503101706505;0.02782507799565792
232;0.0010259755654260516;0.026893045753240585
233;0.00038138063973747194;0.014680973254144192
234;0.00035055013722740114;0.015004629269242287
235;0.00037012528628110886;0.014152977615594864
236;0.0004629001778084785;0.017971469089388847
237;0.0004476008180063218;0.016706116497516632
238;0.0004742401943076402;0.01737355813384056
239;0.0006346618174575269;0.019850019365549088
240;0.0004358993610367179;0.01736680045723915
241;0.0003678711364045739;0.015092641115188599
242;0.0004220666887704283;0.014959060586988926
243;0.00033020356204360723;0.014596020802855492
244;0.00043872633250430226;0.01716223917901516
245;0.0006081358878873289;0.018989911302924156
246;0.00042768774437718093;0.01649850234389305
247;0.00036701641511172056;0.015515841543674469
248;0.0004530535952653736;0.016287313774228096
249;0.00039575554546900094;0.01640823297202587
250;0.0012716060737147927;0.02775193750858307
251;0.0005654087872244418;0.018665436655282974
252;0.00036980010918341577;0.015896489843726158
253;0.00036738323979079723;0.015992898494005203
254;0.0004200450493954122;0.015433122403919697
255;0.0008418385405093431;0.02396162413060665
256;0.0005763207445852458;0.01780279166996479
257;0.0003682462265715003;0.015527065843343735
258;0.0007377027650363743;0.020171133801341057
259;0.0005263382336124778;0.017298178747296333
260;0.00044709755457006395;0.016623271629214287
261;0.0005448388983495533;0.018377836793661118
262;0.0005876973154954612;0.01959747076034546
263;0.0005756436148658395;0.019672084599733353
264;0.0004475709574762732;0.01624605618417263
265;0.0006316372309811413;0.021150287240743637
266;0.0004929748247377574;0.018619263544678688
267;0.00048300321213901043;0.017418235540390015
268;0.00044444375089369714;0.01618986390531063
269;0.0005814520991407335;0.018718509003520012
270;0.00033476820681244135;0.015625642612576485
271;0.0004191514162812382;0.015727996826171875
272;0.0005497367237694561;0.019370727241039276
273;0.0006009649368934333;0.019084976986050606
274;0.000648020242806524;0.020245127379894257
275;0.000387137639336288;0.016435595229268074
276;0.0004191031912341714;0.015990430489182472
277;0.00054157868726179;0.018739525228738785
278;0.0004919436178170145;0.01748969778418541
279;0.0011645768536254764;0.027108890935778618
280;0.0007137045031413436;0.02266993187367916
281;0.00036947696935385466;0.01488909125328064
282;0.0004362838517408818;0.015721075236797333
283;0.0004813574196305126;0.017626838758587837
284;0.0006732814363203943;0.020855924114584923
285;0.00048561920993961394;0.017424974590539932
286;0.0005726790986955166;0.01898585632443428
287;0.0006132186390459538;0.019713131710886955
288;0.0006287988508120179;0.021147601306438446
289;0.0007287089829333127;0.018733160570263863
290;0.0004923931555822492;0.01617654785513878
291;0.00027754702023230493;0.013498050160706043
292;0.000475514680147171;0.016634773463010788
293;0.0006111118127591908;0.018975626677274704
294;0.0005288081592880189;0.018190227448940277
295;0.0003157587198074907;0.014629618264734745
296;0.00035345551441423595;0.014654718339443207
297;0.0004277006955817342;0.016310380771756172
298;0.00037633057218044996;0.015098366886377335
299;0.0004525537369772792;0.01671741157770157
300;0.0005565886967815459;0.019594721496105194
301;0.0005344559322111309;0.018111251294612885
302;0.00038106844294816256;0.015823548659682274
303;0.000425352540332824;0.017153309658169746
304;0.0002400264929747209;0.0129618588835001
305;0.00026191113283857703;0.013154170475900173
306;0.0003969858807977289;0.015945101156830788
307;0.0004367953515611589;0.015937335789203644
308;0.0005765954847447574;0.01916331797838211
309;0.00030679156770929694;0.014863395132124424
310;0.00048589121433906257;0.016583971679210663
311;0.00038908427814021707;0.015164024196565151
312;0.0004869716940447688;0.017681099474430084
313;0.0004705393803305924;0.01786831207573414
314;0.000534327351488173;0.01866917498409748
315;0.0006313353660516441;0.020698271691799164
316;0.0008495438960380852;0.021979203447699547
317;0.0005498040118254721;0.019147876650094986
318;0.00048373607569374144;0.017491217702627182
319;0.0008996012038551271;0.023996487259864807
320;0.0008555142558179796;0.02411729097366333
321;0.0005465642316266894;0.018535872921347618
322;0.0005081536946818233;0.018152818083763123
323;0.0006304442067630589;0.02034076862037182
324;0.00046370644122362137;0.016569465398788452
325;0.0003049799706786871;0.013782105408608913
326;0.0007443464710377157;0.02105419896543026
327;0.0005673108389601111;0.0174202062189579
328;0.00044166180305182934;0.01676470786333084
329;0.0005688373930752277;0.018665822222828865
330;0.00037977041210979223;0.015947408974170685
331;0.00036427206941880286;0.01479131355881691
332;0.0004283356247469783;0.01640458218753338
333;0.0006362837739288807;0.02078939415514469
334;0.00037353605148382485;0.015282605774700642
335;0.0009888989152386785;0.025098226964473724
336;0.0005096015520393848;0.018261555582284927
337;0.000592152529861778;0.019261466339230537
338;0.000519928231369704;0.017661022022366524
339;0.000737555033992976;0.021581484004855156
340;0.000681457226164639;0.021264638751745224
341;0.00031232365290634334;0.01432555727660656
342;0.00028019683668389916;0.012741809710860252
343;0.00023221010633278638;0.011895544826984406
344;0.0005635495763272047;0.017809582874178886
345;0.0003787255263887346;0.015286643989384174
346;0.0004920051433146;0.01648128218948841
347;0.0005234528216533363;0.018073953688144684
348;0.0004839657340198755;0.016588471829891205
349;0.0005870289169251919;0.019033469259738922
350;0.00029135611839592457;0.013887764886021614
351;0.0004055869940202683;0.016323095187544823
352;0.0004506736295297742;0.016363753005862236
353;0.0004402518388815224;0.01627531088888645
354;0.00044989411253482103;0.016954902559518814
355;0.00034052436240017414;0.014700180850923061
356;0.00048305653035640717;0.016732409596443176
357;0.0005316081806086004;0.017675934359431267
358;0.0005280748009681702;0.017800405621528625
359;0.0005091259954497218;0.017191512510180473
360;0.0005121489521116018;0.018055222928524017
361;0.000581975793465972;0.019282517954707146
362;0.0004828872042708099;0.01785789430141449
363;0.0008030259050428867;0.02288113348186016
364;0.0008988843765109777;0.025462891906499863
365;0.00037030779640190303;0.016195060685276985
366;0.00043003945029340684;0.01567341946065426
367;0.0004941680817864835;0.018332401290535927
368;0.00031258209492079914;0.014628326520323753
369;0.00037784274900332093;0.01587759703397751
370;0.000572528108023107;0.019328156486153603
371;0.0006402651779353619;0.01879027672111988
372;0.00027303898241370916;0.01287144422531128
373;0.00036084005841985345;0.014699661172926426
374;0.00033848409657366574;0.01424071379005909
375;0.0003906091151293367;0.015836002305150032
376;0.0004304004251025617;0.016139402985572815
377;0.0006640400970354676;0.018693916499614716
378;0.0003388251643627882;0.015981165692210197
379;0.0004101304220966995;0.01602153293788433
380;0.0005093983490951359;0.018322132527828217
381;0.00035159956314601004;0.015070198103785515
382;0.00036591404932551086;0.015608668327331543
383;0.00024955064873211086;0.012446772307157516
384;0.00032639404525980353;0.014275908470153809
385;0.0003850219363812357;0.01619594171643257
386;0.00030353275360539556;0.01400687638670206
387;0.0004719644202850759;0.01767403818666935
388;0.0004945230321027339;0.01736706681549549
389;0.00032535361242480576;0.014398499391973019
390;0.0004906511167064309;0.018145974725484848
391;0.0003463167231529951;0.015465875156223774
392;0.00044838350731879473;0.017117725685238838
393;0.000443054101197049;0.015939412638545036
394;0.0003911624080501497;0.015436407178640366
395;0.0005088488687761128;0.018285105004906654
396;0.00033317998168058693;0.015018445439636707
397;0.0005039325333200395;0.01828967034816742
398;0.0003610035637393594;0.015524729155004025
399;0.0005051600746810436;0.01886325143277645
400;0.0004159518866799772;0.016679449006915092
401;0.00030568285728804767;0.013697381131350994
402;0.0004015404265373945;0.016061529517173767
403;0.0006424930761568248;0.018193863332271576
404;0.00044655788224190474;0.01599760912358761
405;0.00039530268986709416;0.016887858510017395
406;0.0003991996345575899;0.016118446364998817
407;0.00046543378266505897;0.016742832958698273
408;0.0004600409884005785;0.016808941960334778
409;0.0006401659338735044;0.02115204557776451
410;0.0005087396712042391;0.01777200773358345
411;0.0004994613118469715;0.018234863877296448
412;0.0006190647836774588;0.02030005306005478
413;0.00041288224747404456;0.01635371334850788
414;0.0006354130455292761;0.01826411671936512
415;0.0005576004623435438;0.018177269026637077
416;0.00042718296754173934;0.01636083610355854
417;0.00047308846842497587;0.01642320118844509
418;0.00025562423979863524;0.01297090109437704
419;0.000357398996129632;0.015643004328012466
420;0.0004026265814900398;0.01646513305604458
421;0.0005209275986999273;0.016985436901450157
422;0.00088531180517748;0.02399834245443344
423;0.0007421061745844781;0.021904783323407173
424;0.0007390551036223769;0.02140781097114086
425;0.0005998082924634218;0.01909584179520607
426;0.00030448264442384243;0.014315123669803143
427;0.0004072540032211691;0.016069037839770317
428;0.000394880713429302;0.015658745542168617
429;0.00044874532613903284;0.017400052398443222
430;0.00037550105480477214;0.015570231713354588
431;0.0004502476949710399;0.01821002922952175
432;0.0002527307369746268;0.01294035091996193
433;0.0002715634473133832;0.013272874988615513
434;0.0003022134769707918;0.014048033393919468
435;0.0004173351335339248;0.016849413514137268
436;0.0004333385732024908;0.015428679063916206
437;0.0003219130157958716;0.014676998369395733
438;0.0002899861428886652;0.014277670532464981
439;0.0003889411163982004;0.015998346731066704
440;0.0005514997174032032;0.018798962235450745
441;0.0005442225374281406;0.019869018346071243
442;0.0005354303866624832;0.01850503496825695
443;0.000344552070600912;0.014089607633650303
444;0.00042203106568194926;0.016037186607718468
445;0.000313619093503803;0.014064587652683258
446;0.0003030997177120298;0.014311851933598518
447;0.0006429937202483416;0.021549472585320473
448;0.00018830361659638584;0.010946608148515224
449;0.0003339577524457127;0.015020282007753849
450;0.00048636834253557026;0.017000066116452217
451;0.00035763808409683406;0.014597419649362564
452;0.0002653822011779994;0.012808055616915226
453;0.00036520182038657367;0.015373196452856064
454;0.00048609563964419067;0.016700301319360733
455;0.0008158455020748079;0.021535897627472878
456;0.0004234643711242825;0.01622713916003704
457;0.0006804284057579935;0.020431112498044968
458;0.000407786836149171;0.01612863689661026
459;0.00033806340070441365;0.014717347919940948
460;0.00033980191801674664;0.014105523936450481
461;0.00044422486098483205;0.016831157729029655
462;0.0003538800810929388;0.01588410511612892
463;0.00040077982703223825;0.016515381634235382
464;0.0005746220704168081;0.017631230875849724
465;0.0004381285689305514;0.015650805085897446
466;0.0005562042933888733;0.019521644338965416
467;0.00047507218550890684;0.016172276809811592
468;0.000416579598095268;0.016969190910458565
469;0.0006476798444055021;0.019381605088710785
470;0.0006728944717906415;0.019861919805407524
471;0.00048524930025450885;0.016931643709540367
472;0.000348632107488811;0.01513376459479332
473;0.00037930277176201344;0.015782754868268967
474;0.0003386916359886527;0.014200096018612385
475;0.0004547024145722389;0.015953965485095978
476;0.0004111311864107847;0.014295023865997791
477;0.00036044864100404084;0.014839033596217632
478;0.0004002165514975786;0.016775650903582573
479;0.0003913280088454485;0.015710528939962387
480;0.0004131724708713591;0.016167065128684044
481;0.00031335424864664674;0.014390365220606327
482;0.0003825968597084284;0.016167569905519485
483;0.0005626509664580226;0.019436312839388847
484;0.0004713051312137395;0.017434515058994293
485;0.0004050000279676169;0.015401003882288933
486;0.00024293707974720746;0.01225961558520794
487;0.0002885802823584527;0.014181088656187057
488;0.0005179706495255232;0.018992021679878235
489;0.0004440653428900987;0.016496755182743073
490;0.0004545182455331087;0.016386020928621292
491;0.00036272878060117364;0.01474594883620739
492;0.0004720471624750644;0.016397465020418167
493;0.00023525289725512266;0.012383301742374897
494;0.0004094939795322716;0.015877170488238335
495;0.00037162224180065095;0.014904074370861053
496;0.0002946796303149313;0.014421033672988415
497;0.0005419807275757194;0.017757989466190338
498;0.0005185009213164449;0.018202848732471466
499;0.0006107666995376348;0.019750216975808144
